review,sentiment
"A masterpiece of storytelling and visuals.",1
"An inspiring film with excellent direction.",1
"A captivating narrative with brilliant acting.",1
"A delightful blend of humor, drama, and artistry.",1
"A cinematic triumph with a compelling plot.",1
"An engaging film that keeps you hooked throughout.",1
"A brilliant performance elevates the movie.",1
"A mesmerizing journey of emotions and creativity.",1
"A visually stunning and well-crafted film.",1
"A truly innovative and heartwarming movie.",1
"An unforgettable cinematic experience.",1
"A powerful narrative with superb production.",1
"A film that resonates with genuine emotion.",1
"A stellar performance paired with brilliant visuals.",1
"A moving and inspirational masterpiece.",1
"A refreshing take on a timeless story.",1
"A film that masterfully blends humor and drama.",1
"A creative and immersive cinematic adventure.",1
"A beautifully executed story with heartfelt performances.",1
"A remarkable film that leaves a lasting impact.",1
"A tour de force in modern filmmaking.",1
"A captivating and thought-provoking movie.",1
"A dynamic story told with passion and skill.",1
"A beautifully layered narrative with stellar acting.",1
"A heartwarming film that inspires and delights.",1
"An engaging and well-paced cinematic experience.",1
"A brilliant blend of visual artistry and story.",1
"A film that surprises and delights at every turn.",1
"A moving performance that makes every scene shine.",1
"An epic story delivered with unmatched passion.",1
"A heartening tale told with stunning visuals.",1
"A film that beautifully captures the human spirit.",1
"A masterful execution of a powerful story.",1
"A creative marvel that pushes cinematic boundaries.",1
"A refreshing and emotionally rich movie.",1
"An inspiring film that uplifts and captivates.",1
"A thoughtfully crafted story with memorable moments.",1
"A visual and emotional tour de force.",1
"A captivating performance that drives the film.",1
"A movie that offers both depth and entertainment.",1
"A beautifully told story that resonates deeply.",1
"A film with imaginative visuals and a stirring plot.",1
"A triumph in modern filmmaking with outstanding artistry.",1
"A cinematic gem that leaves you inspired.",1
"An exceptional movie with a profound narrative.",1
"A brilliantly executed film with great energy.",1
"A captivating blend of drama and creativity.",1
"A heartening film that beautifully portrays emotion.",1
"An uplifting and visually arresting cinematic experience.",1
"A standout film that excels in every aspect.",1
"A tedious film with a weak and predictable plot.",0
"A dull movie that fails to engage or inspire.",0
"An underwhelming effort with poor direction.",0
"A forgettable film that falls flat on every level.",0
"A disappointing experience with lackluster performances.",0
"A bland and uninspired movie that struggles to entertain.",0
"A weak narrative paired with subpar acting.",0
"A lackluster film that fails to capture interest.",0
"A movie with a confusing plot and mediocre execution.",0
"A dreary film that never manages to excite.",0
"A poorly executed story with minimal impact.",0
"A film that disappoints with its uninspired approach.",0
"An unengaging movie with a forgettable storyline.",0
"A drab and lifeless film with no redeeming qualities.",0
"A disappointing effort that fails to impress.",0
"A lack of creativity makes this film a bore.",0
"A poorly constructed narrative that drags on.",0
"An underwhelming film that offers little to no excitement.",0
"A misfired attempt at storytelling with subpar visuals.",0
"A forgettable and uninspired cinematic experience.",0
"A tedious, monotonous film that loses momentum quickly.",0
"A dull movie with clumsy execution and poor writing.",0
"A lifeless narrative that fails to connect with its audience.",0
"A disappointing film that is neither engaging nor original.",0
"A flat and uninspired effort lacking in passion.",0
"A movie that is overly predictable and unexciting.",0
"A weak film that struggles with its execution.",0
"An uninspired cinematic attempt that falls short.",0
"A lackluster movie with a muddled storyline.",0
"A poorly made film that fails to deliver on its promises.",0
"A disappointing narrative with minimal character development.",0
"A substandard film with forgettable performances.",0
"A movie that suffers from a disjointed and confusing plot.",0
"A bland effort that leaves the viewer unsatisfied.",0
"A tedious film with no redeeming features.",0
"A misdirected movie that wastes its potential.",0
"A lack of vision results in a monotonous film.",0
"A dreary and uninspired effort from start to finish.",0
"A film that fails to evoke any real emotion.",0
"A poorly executed movie that is hard to watch.",0
"A forgettable film with a poorly structured plot.",0
"A disappointing attempt at filmmaking with lackluster results.",0
"A movie that quickly loses its momentum and charm.",0
"An uninspired film with a tedious and unoriginal script.",0
"A bland cinematic experience that falls short of expectations.",0
"A weak attempt at storytelling that fails to impress.",0
"A disjointed narrative that leaves much to be desired.",0
"A poorly directed movie with a lackluster performance.",0
"A film that is as dull as it is predictable.",0
"A forgettable movie that misses every mark.",0
